Book_Name;book_id;guten_genre;Author_Name
The Mystery of the Boule Cabinet: A Detective Story;pg10067.epub;Detective and Mystery;Stevenson| Burton Egbert
The Pupil;pg1032.epub;Literary;James| Henry
At Love's Cost;pg10379.epub;Literary;Garvice| Charles
The Heart of the Range;pg10473.epub;Western Stories;White| William Patterson
The Worshipper of the Image;pg10812.epub;Literary;Gallienne| Richard Le
The Book-Bills of Narcissus - An Account Rendered by Richard Le Gallienne;pg10826.epub;Literary;Gallienne| Richard Le
Elusive Isabel;pg10943.epub;Detective and Mystery;Futrelle| Jacques
Joe Burke's Last Stand;pg11004.epub;Literary;Wetterau| John Moncure
O+F;pg11005.epub;Literary;Wetterau| John Moncure
Polly and the Princess;pg11259.epub;Literary;Dowd| Emma C.
Maggie Miller: The Story of Old Hagar's Secret;pg11280.epub;Literary;Holmes| Mary Jane
The Obstacle Race;pg11520.epub;Literary;Dell| Ethel M.
From out the Vasty Deep;pg11581.epub;Literary;Lowndes| Marie Belloc
Fate Knocks at the Door: A Novel;pg11655.epub;Literary;Comfort| Will Levington
The Torrent (Entre Naranjos);pg11674.epub;Literary;Ibez| Vicente Blasco
The Jolly Corner;pg1190.epub;Ghost and Horror;James| Henry
The Coxon Fund;pg1193.epub;Literary;James| Henry
The Mystery of Monastery Farm;pg11931.epub;Literary;Naylor| H. R.
Wife in Name Only;pg11970.epub;Literary;Brame| Charlotte M.
Darrel of the Blessed Isles;pg12102.epub;Literary;Bacheller| Irving
The Adventures of Jimmie Dale;pg1218.epub;Detective and Mystery;Packard| Frank L.
The Story of Bessie Costrell;pg12181.epub;Literary;Ward| Mrs. Humphry
Fated to Be Free: A Novel;pg12303.epub;Literary;Ingelow| Jean
Nancy: A Novel;pg12304.epub;Literary;Broughton| Rhoda
The Top of the World;pg12360.epub;Literary;Dell| Ethel M.
The Reason Why;pg12450.epub;Literary;Glyn| Elinor
Miriam Monfort - A Novel;pg12453.epub;Literary;Warfield| Catherine A.
A Perilous Secret;pg12470.epub;Literary;Reade| Charles
Deadham Hard: A Romance;pg12520.epub;Literary;Malet| Lucas
A Simple Soul;pg1253.epub;Literary;Flaubert| Gustave
A Spinner in the Sun;pg12672.epub;Literary;Reed| Myrtle
The Autobiography of a Slander;pg1273.epub;Literary;Lyall| Edna
Tokyo to Tijuana: Gabriele Departing America;pg12733.epub;Literary;Sills| Steven David Justin
The Coquette's Victim - Everyday Life Library No. 1;pg12886.epub;Literary;Brame| Charlotte M
The Song of the Blood-Red Flower;pg12935.epub;Literary;Linnankoski| Johannes
People Like That - A Novel;pg12972.epub;Literary;Bosher| Kate Langley
The Lady of Big Shanty;pg12989.epub;Literary;Smith| F. Berkeley
The Philanderers;pg13057.epub;Literary;Mason| A. E. W.
Coralie - Everyday Life Library No. 2;pg13162.epub;Literary;Brame| Charlotte M.
Broken to the Plow - A Novel;pg13178.epub;Literary;Dobie| Charles Caldwell
The Wild Olive: A Novel;pg13212.epub;Literary;King| Basil
The American Baron: A Novel;pg13257.epub;Literary;Mille| James De
Out of the Ashes;pg13273.epub;Literary;Grant| Ethel Watts Mumford
The Light That Lures;pg13312.epub;Literary;Brebner| Percy James
Miss Bretherton;pg13432.epub;Literary;Ward| Mrs. Humphry
Aylwin;pg13454.epub;Literary;Watts-Dunton| Theodore
The Collected Works of Ambrose Bierce- Volume 1;pg13541.epub;Literary;Bierce| Ambrose
The Son of Clemenceau- A Novel of Modern Love and Life;pg13572.epub;Literary;Dumas| Alexandre
One Day  A sequel to 'Three Weeks';pg13776.epub;Literary;Elinor Glyn
The Port of Missing Men;pg13913.epub;Literary;Nicholson| Meredith
The Seven Poor Travellers;pg1392.epub;Christmas Stories;Dickens| Charles
Charles Rex;pg13960.epub;Love and Romance;Dell| Ethel M.
V. V.'s Eyes;pg13985.epub;Literary;Harrison| Henry Sydnor
The End of the World: A Love Story;pg14051.epub;Love and Romance;Eggleston| Edward
Sandy;pg14079.epub;Sea and Adventure;Rice| Alice Caldwell Hegan
If Winter Comes;pg14145.epub;Literary;Hutchinson| A. S. M.
Going into Society;pg1422.epub;Literary;Dickens| Charles
Flames;pg14253.epub;Literary;Hichens| Robert
Queed - A Novel;pg14303.epub;Literary;Harrison| Henry Sydnor
The Missing Bride;pg14382.epub;Literary;Southworth| Emma Dorothy Eliza Nevitte
Septimus;pg14395.epub;Literary;Locke| William John
The Exemplary Novels of Cervantes;pg14420.epub;Literary;Saavedra| Miguel de Cervantes
True Love's Reward - A Sequel to Mona;pg14427.epub;Literary;Sheldon| Mrs. Georgie
The Doctor's Dilemma;pg14454.epub;Literary;Stretton| Hesba
A Daughter of To-Day;pg14490.epub;Literary;Duncan| Sara Jeannette
Sister Carmen;pg14523.epub;Literary;Corvus| M.
The Just and the Unjust;pg14581.epub;Literary;Kester| Vaughan
The Devil's Garden;pg14605.epub;Literary;Maxwell| W. B.
Jaffery;pg14669.epub;Literary;Locke| William John
Christian's Mistake;pg14687.epub;Literary;Craik| Dinah Maria Mulock
The Laurel Bush: An Old-Fashioned Love Story;pg14708.epub;Love and Romance;Craik| Dinah Maria Mulock
Vandover and the Brute;pg14712.epub;Literary;Norris| Frank
The Younger Set;pg14852.epub;Literary;Chambers| Robert W.
The Man Thou Gavest;pg14858.epub;Literary;Comstock| Harriet T.
Red Pottage;pg14885.epub;Literary;Cholmondeley| Mary
The Keeper of the Door;pg15013.epub;Literary;Dell| Ethel M.
The Cathedral;pg15067.epub;Literary;Huysmans| J.-K.
The Cab of the Sleeping Horse;pg15094.epub;Literary;Scott| John Reed
The Jervaise Comedy;pg15116.epub;Literary;Beresford| J. D.
Sea and Shore - A Sequel to "Miriam's Memoirs";pg15117.epub;Literary;Warfield| Catherine A.
David Lockwin—The People's Idol;pg15123.epub;Literary;McGovern| John
The Inner Sisterhood - A Social Study in High Colors;pg15179.epub;Literary;Sherley| Douglass
My Mother's Rival - Everyday Life Library No. 4;pg15181.epub;Literary;Brame| Charlotte M.
Marion Arleigh's Penance - Everyday Life Library No. 5;pg15182.epub;Literary;Brame| Charlotte M.
The Tragedy of the Chain Pier - Everyday Life Library No. 3;pg15183.epub;Literary;Brame| Charlotte M.
Lewie - The Bended Twig;pg15244.epub;Literary;Bradford| Sarah H.
Bessie's Fortune: A Novel;pg15275.epub;Literary;Holmes| Mary Jane
Gladys- the Reaper;pg15315.epub;Literary;Beale| Anne
The Baronet's Bride- A Woman's Vengeance;pg15317.epub;Literary;Fleming| May Agnes
Tracy Park: A Novel;pg15321.epub;Literary;Holmes| Mary Jane
The Lever: A Novel;pg15430.epub;Literary;Orcutt| William Dana
Trumps;pg15498.epub;Literary;Curtis| George William
Captivity;pg15527.epub;Literary;Eyles| Leonora
A Splendid Hazard;pg15671.epub;Literary;MacGrath| Harold
Far to Seek - A Romance of England and India;pg15704.epub;Literary;Diver| Maud
Bunker Bean;pg15743.epub;Literary;Wilson| Harry Leon
Ishmael- In the Depths;pg15774.epub;Literary;Southworth| Emma Dorothy Eliza Nevitte
An Unpardonable Liar;pg15793.epub;Literary;Parker| Gilbert
The Seeker;pg15797.epub;Literary;Wilson| Harry Leon
Walter Harland - Memories of the Past;pg15799.epub;Literary;Caswell| Harriet S.
Garman and Worse: A Norwegian Novel;pg15864.epub;Literary;Kielland| Alexander Lange
The Unseen Bridegroom- Wedded For a Week;pg15875.epub;Literary;Fleming| May Agnes
Allegories of Life;pg15895.epub;Allegories;Adams| Mrs. J. S.
His Excellency the Minister;pg15934.epub;Literary;Claretie| Jules
An Englishwoman's Love-Letters;pg15941.epub;Literary;Housman| Laurence
The Fatal Glove;pg15989.epub;Literary;Augusta| Clara
The Lost Lady of Lone;pg16039.epub;Literary;Southworth| Emma Dorothy Eliza Nevitte
Uncle Max;pg16080.epub;Literary;Carey| Rosa Nouchette
For Woman's Love;pg16094.epub;Literary;Southworth| Emma Dorothy Eliza Nevitte
The Hoyden;pg16137.epub;Literary;Duchess|
The Cromptons;pg16138.epub;Literary;Holmes| Mary Jane
A Man and a Woman;pg16143.epub;Literary;Waterloo| Stanley
Prince Fortunatus;pg16217.epub;Literary;Black| William
Jan: A Dog and a Romance;pg16252.epub;Literary;Dawson| A. J.
Idolatry: A Romance;pg16283.epub;Literary;Hawthorne| Julian
The Foolish Virgin;pg1634.epub;Literary;Dixon| Thomas
Ellen Walton - The Villain and His Victims;pg16345.epub;Literary;Addison| Alvin
The Summons;pg16381.epub;Literary;Mason| A. E. W.
What Necessity Knows;pg16398.epub;Literary;Dougall| L.
Led Astray and The Sphinx - Two Novellas In One Volume;pg16403.epub;Literary;Feuillet| Octave
The Measure of a Man;pg16453.epub;Literary;Barr| Amelia E.
The Moon out of Reach;pg16497.epub;Love and Romance;Pedler| Margaret
Foes;pg16554.epub;Literary;Johnston| Mary
The Twins - A Domestic Novel;pg16574.epub;Literary;Tupper| Martin Farquhar
The Lee Shore;pg16612.epub;Literary;Macaulay| Rose
Bad Hugh;pg16662.epub;Literary;Holmes| Mary Jane
Eveline Mandeville - The Horse Thief Rival;pg16676.epub;Literary;Addison| Alvin
Adrien Leroy;pg16682.epub;Literary;Garvice| Charles
A Comedy of Masks: A Novel;pg16703.epub;Literary;Dowson| Ernest Christopher| Moore| Arthur
The Husbands of Edith;pg16719.epub;Literary;McCutcheon| George Barr
Marzio's Crucifix and Zoroaster;pg16720.epub;Literary;Crawford| F. Marion
Mike Fletcher: A Novel;pg16730.epub;Literary;Moore| George Augustus
Jacqueline of Golden River;pg16771.epub;Literary;Egbert| H. M.
My Little Lady;pg16788.epub;Literary;Poynter| E. Frances
Elster's Folly: A Novel;pg16798.epub;Literary;Wood| Mrs. Henry
Dangerous Ages;pg16799.epub;Literary;Macaulay| Rose
Lydia of the Pines;pg16803.epub;Literary;Morrow| Honor
Mark Hurdlestone - The Two Brothers;pg16836.epub;Literary;Moodie| Susanna
The Halo;pg16909.epub;Literary;Hutten| Bettina Von
The Bradys and the Girl Smuggler Working for the Custom House;pg16919.epub;Detective and Mystery;Doughty| Francis Worcester
The Bad Man: A Novel;pg16968.epub;Literary;Browne| Porter Emerson| Towne| Charles Hanson
The Vanished Messenger;pg1699.epub;Detective and Mystery;Oppenheim| E. Phillips
Miss Dexie - A Romance of the Provinces;pg16993.epub;Literary;Eveleth| Stanford
The Half-Hearted;pg17047.epub;Sea and Adventure;Buchan| John
The Man and the Moment;pg17048.epub;Literary;Glyn| Elinor
The Crock of Gold - A Rural Novel;pg17062.epub;Literary;Tupper| Martin Farquhar
Guy Livingstone'Thorough';pg17084.epub;Literary;Lawrence| George A.
Destiny;pg17141.epub;Literary;Buck| Charles Neville
The Actress in High Life - An Episode in Winter Quarters;pg17191.epub;Literary;Bowen| Sue Petigru
Atlantis;pg17241.epub;Literary;Hauptmann| Gerhart
Sunrise;pg17308.epub;Literary;Black| William
Arms and the Woman;pg17359.epub;Love and Romance;MacGrath| Harold
Hearts and Masks;pg17390.epub;Literary;MacGrath| Harold
The Adventures of Kathlyn;pg17402.epub;Literary;MacGrath| Harold
The Thin Red Line; and Blue Blood;pg17434.epub;Literary;Griffiths| Arthur
The Second Honeymoon;pg17446.epub;Literary;Ayres| Ruby M.
The Red Seal;pg1747.epub;Literary;Lincoln| Natalie Sumner
Other People's Money;pg1748.epub;Detective and Mystery;Gaboriau| Emile
On the Church Steps;pg17559.epub;Literary;Hallowell| Sarah C.
By the Light of the Soul: A Novel;pg17564.epub;Literary;Freeman| Mary Eleanor Wilkins
Romance;pg17642.epub;Literary;Conrad| Joseph| Ford| Ford Madox
Bella Donna: A Novel;pg17698.epub;Literary;Hichens| Robert
The Courage of Marge O'Doone;pg17745.epub;Literary;Curwood| James Oliver
Foes in Ambush;pg17806.epub;Literary;King| Charles
Contrary Mary;pg17938.epub;Literary;Bailey| Temple
Betty at Fort Blizzard;pg18022.epub;Literary;Seawell| Molly Elliot
Medoline Selwyn's Work;pg18052.epub;Literary;Colter| Mrs. J. J.
The Zeit-Geist;pg18054.epub;Literary;Dougall| L.
Bucky O'Connor: A Tale of the Unfenced Border;pg1809.epub;Western Stories;Raine| William MacLeod
The Road to Mandalay - A Tale of Burma;pg18239.epub;Literary;Croker| B. M.
Gentle Julia;pg18259.epub;Literary;Tarkington| Booth
Enter Bridget;pg18280.epub;Literary;Cobb| Thomas
The Case of the Lamp That Went Out;pg1832.epub;Detective and Mystery;Groner| Auguste
The Case of the Registered Letter;pg1833.epub;Detective and Mystery;Groner| Auguste
The Lighted Match;pg18336.epub;Literary;Buck| Charles Neville
The Case of the Pocket Diary Found in the Snow;pg1834.epub;Detective and Mystery;Groner| Auguste
The Case of the Pool of Blood in the Pastor's Study;pg1835.epub;Detective and Mystery;Groner| Auguste
The Case of the Golden Bullet;pg1836.epub;Detective and Mystery;Groner| Auguste
A Melody in Silver;pg18434.epub;Literary;Abbott| Keene
Parrot & Co.;pg18443.epub;Literary;MacGrath| Harold
The Treasure of Heaven: A Romance of Riches;pg18449.epub;Literary;Corelli| Marie
The Vision Splendid;pg1846.epub;Western Stories;Raine| William MacLeod
The Place Beyond the Winds;pg18488.epub;Literary;Comstock| Harriet T.
A Court of Inquiry;pg18489.epub;Literary;Richmond| Grace S.
The Yellow Crayon;pg1849.epub;Detective and Mystery;Oppenheim| E. Phillips
The Woman in the Alcove;pg1851.epub;Detective and Mystery;Green| Anna Katharine
A Mummer's Tale;pg18545.epub;Literary;France| Anatole
Initials Only;pg1857.epub;Detective and Mystery;Green| Anna Katharine
The President: A Novel;pg18572.epub;Literary;Lewis| Alfred Henry
The Poor Plutocrats;pg18705.epub;Literary;Jkai| Mr
Dr. Dumany's Wife;pg18708.epub;Literary;Jkai| Mr
Painted Windows;pg1875.epub;Literary;Peattie| Elia Wilkinson
A Millionaire of Yesterday;pg1878.epub;Detective and Mystery;Oppenheim| E. Phillips
The House of Martha;pg18822.epub;Literary;Stockton| Frank Richard
Winner Take All;pg18829.epub;Literary;Evans| Larry
The Bittermeads Mystery;pg1888.epub;Detective and Mystery;Punshon| E. R.
Then I'll Come Back to You;pg18894.epub;Literary;Evans| Larry
The Seventh Man;pg1897.epub;Western Stories;Brand| Max
The Starbucks;pg18984.epub;Literary;Read| Opie Percival
Sword and Gown: A Novel;pg19121.epub;Literary;Lawrence| George A.
The House in the Mist;pg19147.epub;Detective and Mystery;Green| Anna Katharine
The Cow Puncher;pg19173.epub;Literary;Stead| Robert J. C.
Lady Larkspur;pg19204.epub;Literary;Nicholson| Meredith
The Alchemist's Secret;pg19224.epub;Literary;Williams| Isabel Cecilia
Joyce of the North Woods;pg19225.epub;Literary;Comstock| Harriet T.
Michael McGrath- Postmaster;pg19257.epub;Literary;Connor| Ralph
His Heart's Queen;pg19259.epub;Literary;Sheldon| Mrs. Georgie
Born Again;pg19459.epub;Literary;Lawson| Alfred W.
Branded;pg19472.epub;Western Stories;Lynde| Francis
North of Fifty-Three;pg19510.epub;Literary;Sinclair| Bertrand W.
Kate Danton- Captain Danton's Daughters: A Novel;pg19512.epub;Literary;Fleming| May Agnes
Sight Unseen;pg1960.epub;Detective and Mystery;Rinehart| Mary Roberts
The Confession;pg1963.epub;Detective and Mystery;Rinehart| Mary Roberts
Dixie Hart;pg19818.epub;Literary;Harben| Will N.
Heart - A Social Novel;pg20235.epub;Literary;Tupper| Martin Farquhar
A Political Romance;pg20257.epub;Literary;Sterne| Laurence
The Lovely Lady;pg20359.epub;Literary;Austin| Mary Hunter
A Son of the Hills;pg20424.epub;Literary;Comstock| Harriet T.
The Seventh Noon;pg20429.epub;Literary;Bartlett| Frederick Orin
The Triflers;pg20458.epub;Literary;Bartlett| Frederick Orin
Ernest Linwood- The Inner Life of the Author;pg20462.epub;Literary;Hentz| Caroline Lee
The Complete Prose Works of Martin Farquhar Tupper;pg20610.epub;Literary;Tupper| Martin Farquhar
The Master-Knot of Human Fate;pg20615.epub;Literary;Meredith| Ellis
The Romance of an Old Fool;pg20661.epub;Love and Romance;Field| Roswell Martin
The Monctons: A Novel. Volume 1 (of 2);pg20835.epub;Literary;Moodie| Susanna
In Apple-Blossom Time: A Fairy-Tale to Date;pg20901.epub;Love and Romance;Burnham| Clara Louise
Overdue: The Story of a Missing Ship;pg21067.epub;Sea and Adventure;Collingwood| Harry
The Ghost Ship: A Mystery of the Sea;pg21087.epub;Sea and Adventure;Hutcheson| John C.
Phyllis of Philistia;pg2155.epub;Literary;Moore| Frank Frankfort
Rattlin the Reefer;pg21578.epub;Sea and Adventure;Howard| Edward
On the Stairs;pg21613.epub;Literary;Fuller| Henry Blake
April's Lady: A Novel;pg21641.epub;Literary;Duchess|
The Making of a Soul;pg21674.epub;Literary;Rhodes| Kathlyn
The Tyranny of Weakness;pg21689.epub;Literary;Buck| Charles Neville
Flint: His Faults- His Friendships and His Fortunes;pg21690.epub;Literary;Goodwin| Maud Wilder
Agatha's Husband: A Novel;pg21767.epub;Literary;Craik| Dinah Maria Mulock
The Mark Of Cain;pg21821.epub;Literary;Lang| Andrew
The Daughters of Danaus;pg21858.epub;Literary;Caird| Mona
Afterwards;pg21867.epub;Literary;Rhodes| Kathlyn
Luna Benamor;pg21870.epub;Literary;Ibez| Vicente Blasco
Blacksheep! Blacksheep!;pg21887.epub;Sea and Adventure;Nicholson| Meredith
Embarrassments;pg21932.epub;Literary;James| Henry
The Pleasant Street Partnership: A Neighborhood Story;pg21944.epub;Literary;Leonard| Mary Finley
The Lure of the Mask;pg22158.epub;Literary;MacGrath| Harold
Aunt Rachel - A Rustic Sentimental Comedy;pg22202.epub;Literary;Murray| David Christie
In Direst Peril;pg22205.epub;Literary;Murray| David Christie
An Old Meerschaum - From Coals Of Fire And Other Stories- Volume II. (of III.);pg22206.epub;Literary;Murray| David Christie
The Romance Of Giovanni Calvotti - From Coals Of Fire And Other Stories- Volume II. (of III.);pg22207.epub;Literary;Murray| David Christie
Cruel Barbara Allen - From Coals Of Fire And Other Stories- Volume II. (of III.);pg22208.epub;Literary;Murray| David Christie
Molly Bawn;pg22214.epub;Literary;Duchess| 
Oswald Langdon - Pierre and Paul Lanier. A Romance of 1894-1898;pg22221.epub;Literary;Hamilton| Levi Jackson
Schwartz: A History - From "Schwartz" by David Christie Murray;pg22271.epub;Literary;Murray| David Christie
Young Mr. Barter's Repentance - From "Schwartz" by David Christie Murray;pg22272.epub;Literary;Murray| David Christie
Bulldog And Butterfly - From "Schwartz" by David Christie Murray;pg22273.epub;Literary;Murray| David Christie
Julia And Her Romeo: A Chronicle Of Castle Barfield - From "Schwartz" by David Christie Murray;pg22274.epub;Literary;Murray| David Christie
VC — A Chronicle of Castle Barfield and of the Crimea;pg22275.epub;Literary;Murray| David Christie
Despair's Last Journey;pg22276.epub;Literary;Murray| David Christie
The Tale Of Mr. Peter Brown - Chelsea Justice - From "The New Decameron"|| Volume III.;pg22476.epub;Literary;Sackville-West| Vita
Mary Louise and Josie O'Gorman;pg22532.epub;Literary;Sampson| Emma Speed
King Candaules;pg22660.epub;Literary;Gautier| Thophile
32 Caliber;pg22781.epub;Literary;McGibeny| Donald
Havoc;pg2287.epub;Detective and Mystery;Oppenheim| E. Phillips
Doctor Luttrell's First Patient;pg22883.epub;Love and Romance;Carey| Rosa Nouchette
Nell- of Shorne Mills- One Heart's Burden;pg22961.epub;Literary;Garvice| Charles
A Modern Idyll;pg23009.epub;Literary;Harris| Frank
Gulmore- The Boss;pg23010.epub;Literary;Harris| Frank
Elder Conklin;pg23012.epub;Literary;Harris| Frank
Helen and Arthur- Miss Thusa's Spinning Wheel;pg23106.epub;Literary;Hentz| Caroline Lee
A Chinese Command: A Story of Adventure in Eastern Seas;pg23118.epub;Sea and Adventure;Collingwood| Harry
Other People's Business: The Romantic Career of the Practical Miss Dale;pg23157.epub;Literary;Smith| Harriet L.
Old Ebenezer;pg23215.epub;Literary;Read| Opie Percival
The Fête At Coqueville - 1907;pg23222.epub;Literary;Zola| ile
Good Blood;pg23223.epub;Literary;Wildenbruch| Ernst von
Mistress Anne;pg23246.epub;Literary;Bailey| Temple
The Folly Of Eustace - 1896;pg23420.epub;Literary;Hichens| Robert
The Man Next Door;pg23606.epub;Literary;Hough| Emerson
The Riddle Of The Rocks - 1895;pg23629.epub;Literary;Murfree| Mary Noailles
The Phantoms Of The Foot-Bridge - 1895;pg23630.epub;Literary;Murfree| Mary Noailles
The Moonshiners At Hoho-Hebee Falls - 1895;pg23631.epub;Literary;Murfree| Mary Noailles
'way Down In Lonesome Cove - 1895;pg23632.epub;Literary;Murfree| Mary Noailles
His "Day In Court" - 1895;pg23633.epub;Literary;Murfree| Mary Noailles
Flamsted quarries;pg23664.epub;Literary;Waller| Mary E.
The Dew of Their Youth;pg23736.epub;Literary;Crockett| S. R.
David Malcolm;pg23741.epub;Literary;Lloyd| Nelson
Aladdin & Co.: A Romance of Yankee Magic;pg23745.epub;Literary;Quick| Herbert
Cruel As The Grave;pg23789.epub;Literary;Southworth| Emma Dorothy Eliza Nevitte
A True Friend: A Novel;pg23797.epub;Literary;Sergeant| Adeline
The Opal Serpent;pg24769.epub;Detective and Mystery;Hume| Fergus
The Book of All-Power;pg24920.epub;Literary;Wallace| Edgar
The Kingdom Round the Corner: A Novel;pg25702.epub;Literary;Ashford| Angela| Ashford| Daisy
An Apostate: Nawin of Thais;pg25730.epub;Literary;Dawson| Coningsby
Her Mother's Secret;pg26259.epub;Literary;Hume| Fergus
Margarita's Soul: The Romantic Recollections of a Man of Fifty;pg26277.epub;Literary;Southworth| Emma Dorothy Eliza Nevitte
Simon;pg26306.epub;Detective and Mystery;Bacon| Josephine Daskam
Madeline Payne- the Detective's Daughter;pg26482.epub;Detective and Mystery;Lynch| Lawrence L.
Burlesques;pg2675.epub;Literary;Lynch| Lawrence L.
Ringfield: A Novel;pg26768.epub;Literary;Thackeray| William Makepeace
A Red Wallflower;pg26828.epub;Literary;Harrison| S. Frances
A Pessimist in Theory and Practice;pg26847.epub;Literary;Warner| Susan
The Bradys Beyond Their Depth- The Great Swamp Mystery;pg26925.epub;Detective and Mystery;Bird| Frederic Mayer
Bird of Paradise;pg27323.epub;Literary;Seltzer| Charles Alden
The Giant's Robe;pg27507.epub;Literary;Sabin| Edwin L.
The Seven Secrets;pg27549.epub;Detective and Mystery;Anstey| F.
Five O'Clock Tea: Farce;pg27709.epub;Literary;Queux| William Le
A Bachelor's Dream;pg27838.epub;Literary;Howells| William Dean
The Dominant Dollar;pg27857.epub;Literary;Duchess|
Dick Leslie's Luck: A Story of Shipwreck and Adventure;pg27909.epub;Sea and Adventure;Lillibridge| Will
Anderson Crow- Detective;pg28229.epub;Detective and Mystery;Morris| Gouverneur
A Romantic Young Lady;pg28236.epub;Literary;McCutcheon| George Barr
The Beloved Woman;pg28301.epub;Literary;Grant| Robert
In Brief Authority;pg28459.epub;Literary;Norris| Kathleen Thompson
Not Like Other Girls;pg28463.epub;Literary;Anstey| F.
The Limit;pg28465.epub;Literary;Leverson| Ada
The Brass Bound Box;pg28509.epub;Literary;Raymond| Evelyn
Wee Wifie;pg28717.epub;Literary;Carey| Rosa Nouchette
Lover or Friend;pg28925.epub;Literary;Carey| Rosa Nouchette
Chit-Chat; Nirvana; The Searchlight;pg29071.epub;Literary;Holt| Mathew Joseph
Cleo The Magnificent- The Muse of the Real: A Novel;pg29207.epub;Literary;Zangwill| Louis
The First Violin - A Novel;pg29219.epub;Literary;Fothergill| Jessie
People of Position;pg29274.epub;Literary;Hyatt| Stanley Portal
Australia Revenged;pg29315.epub;Literary;Boomerang|
An Old Sailor's Yarns;pg29323.epub;Sea and Adventure;Ames| N.
The Prisoner;pg29366.epub;Literary;Brown| Alice
Murder Point: A Tale of Keewatin;pg29400.epub;Detective and Mystery;Dawson| Coningsby
Rope;pg29570.epub;Literary;Hall| Holworthy
Once to Every Man;pg29646.epub;Literary;Evans| Larry
Mixed Faces;pg29657.epub;Literary;Norton| Roy
Nobody;pg29671.epub;Literary;Vance| Louis Joseph
The Hound From The North;pg29695.epub;Literary;Cullum| Ridgwell
The Heart of Thunder Mountain;pg29697.epub;Literary;Bingham| Edfrid A.
Hetty's Strange History;pg29699.epub;Literary;Jackson| Helen Hunt
The Princess Virginia;pg29715.epub;Literary;Williamson| A. M.| Williamson| C. N.
The Strollers;pg29726.epub;Literary;Isham| Frederic Stewart
Victor's Triumph - Sequel to A Beautiful Fiend;pg29729.epub;Literary;Southworth| Emma Dorothy Eliza Nevitte
The Missionary;pg29743.epub;Literary;Griffith| George Chetwynd
The Gorgeous Girl;pg29753.epub;Literary;Bartley| Nalbro
The Dominant Strain;pg29760.epub;Literary;Ray| Anna Chapin
Audrey Craven;pg29766.epub;Literary;Sinclair| May
The Man Who Wins;pg29808.epub;Literary;Herrick| Robert
The Paliser case;pg29847.epub;Literary;Saltus| Edgar
Dwellers in the Hills;pg29851.epub;Literary;Post| Melville Davisson
A Great Man: A Frolic;pg29860.epub;Literary;Bennett| Arnold
The Old Countess- The Two Proposals;pg29862.epub;Literary;Stephens| Ann S.
Love and Lucy;pg29868.epub;Literary;Hewlett| Maurice
The Crimson Tide: A Novel;pg29880.epub;Literary;Chambers| Robert W.
The Doctor's Family;pg29890.epub;Literary;Oliphant| Mrs.
The Rector;pg29891.epub;Literary;Oliphant| Mrs.
Changing Winds - A Novel;pg29902.epub;Literary;Ervine| St. John G.
Jan and Her Job;pg29945.epub;Literary;Harker| L. Allen
The Eye of Dread;pg30031.epub;Literary;Erskine| Payne
In the Shadow of the Hills;pg30037.epub;Literary;Shedd| George C.
Jessica- the Heiress;pg30074.epub;Literary;Raymond| Evelyn
Our Next-Door Neighbors;pg30075.epub;Literary;Maniates| Belle Kanaris
Amaryllis at the Fair;pg30087.epub;Literary;Jefferies| Richard
Young Barbarians;pg30089.epub;Literary;Maclaren| Ian
Robinetta;pg30090.epub;Literary;Findlater| Jane Helen| Findlater| Mary| McAulay| Allan| Wiggin| Kate Douglas Smith
At the Crossroads;pg30095.epub;Literary;Comstock| Harriet T.
The Vast Abyss - The Story of Tom Blount- his Uncles and his Cousin Sam;pg30106.epub;Literary;Fenn| George Manville
The Quality of Mercy;pg30108.epub;Literary;Howells| William Dean
Name and Fame: A Novel;pg30110.epub;Literary;Sergeant| Adeline
A Noble Woman;pg30111.epub;Literary;Stephens| Ann S.
Tante;pg30115.epub;Literary;Sedgwick| Anne Douglas
Daisy Brooks- A Perilous Love;pg30137.epub;Sea and Adventure;Libbey| Laura Jean
A Manual of the Art of Fiction;pg30183.epub;Literary;Hamilton| Clayton Meeker
East of the Shadows;pg30193.epub;Literary;Barclay| Mrs. Hubert
Officer 666;pg30228.epub;Literary;Currie| Barton Wood| McHugh| Augustin
Phemie Frost's Experiences;pg30245.epub;Literary;Stephens| Ann S.
Mabel's Mistake;pg30247.epub;Literary;Stephens| Ann S.
A Captain in the Ranks: A Romance of Affairs;pg30263.epub;Literary;Eggleston| George Cary
The Phantom Lover;pg30286.epub;Literary;Ayres| Ruby M.
The Benefactress;pg30302.epub;Literary;Arnim| Elizabeth Von
Hope Mills- Between Friend and Sweetheart;pg30436.epub;Literary;Douglas| Amanda M.
The Lieutenant-Governor: A Novel;pg30448.epub;Literary;Carryl| Guy Wetmore
A Manifest Destiny;pg30464.epub;Literary;Magruder| Julia
Wild Oranges;pg30466.epub;Literary;Hergesheimer| Joseph
Outside Inn;pg30483.epub;Literary;Kelley| Ethel M.
The Count's Millions;pg305.epub;Detective and Mystery;Gaboriau| Emile
The Pines of Lory;pg30600.epub;Literary;Mitchell| John Ames
A Danish Parsonage;pg30617.epub;Literary;Vicary| John Fulford
Wings of the Wind;pg30618.epub;Literary;Harris| Credo Fitch
In the Heart of a Fool;pg30627.epub;Literary;White| William Allen
Anything Once;pg30640.epub;Literary;Ostrander| Isabel
An Ocean Tramp;pg30648.epub;Literary;McFee| William
Daisy's Necklace- and What Came of It;pg30668.epub;Literary;Aldrich| Thomas Bailey
Sir Tom;pg30692.epub;Literary;Oliphant| Mrs.
The Record of Nicholas Freydon - An Autobiography;pg30704.epub;Literary;Dawson| A. J.
Captain Pott's Minister;pg30713.epub;Literary;Cooper| Francis L.
Absolution;pg30724.epub;Literary;Viebig| Clara
The Fate of Felix Brand;pg30733.epub;Literary;Kelly| Florence Finch
Clark's Field;pg30736.epub;Literary;Herrick| Robert
Materials and Methods of Fiction - With an Introduction by Brander Matthews;pg30776.epub;Literary;Hamilton| Clayton Meeker
The Beggar Man;pg30817.epub;Literary;Ayres| Ruby M.
Ashton-Kirk- Criminologist;pg30838.epub;Detective and Mystery;McIntyre| John Thomas
Kidnapped at the Altar- The Romance of that Saucy Jessie Bain;pg30980.epub;Sea and Adventure;Libbey| Laura Jean
Ten Thousand a-Year. Volume 1.;pg31004.epub;Literary;Warren| Samuel
The Recipe for Diamonds;pg31083.epub;Sea and Adventure;Hyne| Charles John Cutcliffe Wright
Aliens;pg31241.epub;Literary;McFee| William
Cupid's Middleman;pg31561.epub;Literary;Lent| Edward B.
Walladmor- Vol. 1 (of 2) - "Freely Translated into German from the English of Sir Walter Scott." And Now Freely Translated from the German into English.;pg31563.epub;Literary;Alexis| Willibald
Walladmor- Vol. 2 (of 2) - "Freely Translated into German from the English of Sir Walter Scott." And Now Freely Translated from the German into English.;pg31568.epub;Literary;Alexis| Willibald
Room Number 3- and Other Detective Stories;pg31578.epub;Detective and Mystery;Green| Anna Katharine
The Serapion Brethren- Vol. II;pg31668.epub;Literary;Hoffmann| E. T. A.
Checkers: A Hard-luck Story;pg31813.epub;Literary;Blossom| Henry
The Serapion Brethren- Vol. I.;pg31820.epub;Literary;Hoffmann| E. T. A.
Portia- By Passions Rocked;pg31825.epub;Literary;Duchess|
An Artist in Crime;pg31915.epub;Detective and Mystery;Ottolengui| Rodrigues
The Portal of Dreams;pg31927.epub;Literary;Buck| Charles Neville
A Life Sentence: A Novel;pg31984.epub;Literary;Sergeant| Adeline
Captain Macedoine's Daughter;pg32042.epub;Literary;McFee| William
A Rent In A Cloud;pg32082.epub;Literary;Lever| Charles James
Command;pg32114.epub;Sea and Adventure;McFee| William
Rose MacLeod;pg32115.epub;Literary;Brown| Alice
When the Cock Crows;pg32116.epub;Literary;Baily| Waldron
Long Live the King!;pg32132.epub;Literary;Boothby| Guy
Arthur O'Leary: His Wanderings And Ponderings In Many Lands;pg32424.epub;Literary;Lever| Charles James
The Brightener;pg32428.epub;Literary;Williamson| A. M.| Williamson| C. N.
A Marriage at Sea;pg32516.epub;Sea and Adventure;Russell| William Clark
Gerald Fitzgerald- the Chevalier: A Novel;pg32560.epub;Sea and Adventure;Viebig| Clara
A Novelist on Novels;pg32576.epub;Literary;George| Walter Lionel
A Day's Ride: A Life's Romance;pg32692.epub;Literary;Lever| Charles James
That Boy Of Norcott's;pg32693.epub;Literary;Lever| Charles James
Jacob's Ladder;pg32732.epub;Detective and Mystery;Oppenheim| E. Phillips
Tried for Her Life - A Sequel to "Cruel As the Grave";pg32757.epub;Literary;Southworth| Emma Dorothy Eliza Nevitte
Fairfax and His Pride: A Novel;pg32826.epub;Literary;Vorst| Marie Van
One Of Them;pg32840.epub;Literary;Lever| Charles James
Lady Cassandra;pg32882.epub;Literary;Vaizey| Mrs. George de Horne
Sir Hilton's Sin;pg32915.epub;Literary;Fenn| George Manville
The Sapphire Cross;pg32917.epub;Literary;Fenn| George Manville
Thereby Hangs a Tale. Volume One;pg32929.epub;Literary;Fenn| George Manville
An Unknown Lover;pg32936.epub;Literary;Vaizey| Mrs. George de Horne
The Red Rat's Daughter;pg33004.epub;Detective and Mystery;Boothby| Guy
The Green God;pg33019.epub;Detective and Mystery;Kummer| Frederic Arnold
Sir Jasper Carew: His Life and Experience;pg33081.epub;Literary;Lever| Charles James
The Truth About Tristrem Varick: A Novel;pg33099.epub;Literary;Saltus| Edgar
Was It Right to Forgive? A Domestic Romance;pg33195.epub;Literary;Barr| Amelia E.
Faith and Unfaith: A Novel;pg33312.epub;Literary;Duchess|
The Little Schoolmaster Mark: A Spiritual Romance;pg33401.epub;Literary;Davis| Richard Harding
A Man in the Open;pg33423.epub;Literary;Pocock| Roger
Roland Cashel- Volume I (of II);pg33468.epub;Literary;Lever| Charles James
Roland Cashel- Volume II (of II);pg33469.epub;Literary;Lever| Charles James
The Furnace;pg33482.epub;Literary;Macaulay| Rose
The Gambler: A Novel;pg33490.epub;Literary;Thurston| Katherine Cecil
Bransford of Rainbow Range - Originally Published under the title of Bransford in Arcadia- The Little Eohippus;pg33498.epub;Western Stories;Rhodes| Eugene Manlove
The Fortunes Of Glencore;pg33556.epub;Literary;Lever| Charles James
The Bachelors: A Novel;pg33565.epub;Literary;Orcutt| William Dana
Tony Butler;pg33604.epub;Literary;Lever| Charles James
Norine's Revenge- and- Sir Noel's Heir;pg33664.epub;Literary;Fleming| May Agnes
X Y Z: A Detective Story;pg33695.epub;Detective and Mystery;Green| Anna Katharine
The Cottage of Delight: A Novel;pg33715.epub;Literary;Harben| Will N.
An Engagement of Convenience: A Novel;pg33747.epub;Literary;Zangwill| Louis
The Key to Yesterday;pg33759.epub;Literary;Buck| Charles Neville
The Haunted Pajamas;pg33780.epub;Literary;Elliott| Francis Perry
King of Camargue;pg33867.epub;Literary;Aicard| Jean
Regina- or the Sins of the Fathers;pg33892.epub;Literary;Sudermann| Hermann
The Unknown Sea;pg33945.epub;Allegories;Housman| Clemence
The Reclaimers;pg33959.epub;Literary;McCarter| Margaret Hill
The Mysterious Wanderer- Vol. I;pg33973.epub;Literary;Reeve| Sophia
Love Works Wonders: A Novel;pg33989.epub;Literary;Brame| Charlotte M.
The Belovéd Traitor;pg34034.epub;Literary;Packard| Frank L.
The Hillman;pg34035.epub;Detective and Mystery;Oppenheim| E. Phillips
Whispering Wires;pg34046.epub;Detective and Mystery;Leverage| Henry
A Poached Peerage;pg34088.epub;Literary;Magnay| Sir William
Lady Maude's Mania;pg34138.epub;Literary;Fenn| George Manville
A Double Knot;pg34140.epub;Literary;Fenn| George Manville
By Birth a Lady;pg34142.epub;Literary;Fenn| George Manville
A Blot on the Scutcheon;pg34164.epub;Literary;Knowles| Mabel Winifred
Capricious Caroline;pg34166.epub;Literary;Rowlands| Effie Adelaide
Zula;pg34168.epub;Literary;Lindley| H. Esselstyn
The Girl From Tim's Place;pg34202.epub;Literary;Munn| Charles Clark
The Star-Gazers;pg34244.epub;Literary;Fenn| George Manville
Of High Descent;pg34246.epub;Literary;Fenn| George Manville
The Man with a Shadow;pg34248.epub;Literary;Fenn| George Manville
A Mysterious Disappearance;pg34277.epub;Detective and Mystery;Tracy| Louis
Phases of an Inferior Planet;pg34402.epub;Literary;Glasgow| Ellen Anderson Gholson
For the Allinson Honor;pg34415.epub;Literary;Bindloss| Harold
Alas! A Novel;pg34428.epub;Literary;Broughton| Rhoda
The Rosery Folk;pg34482.epub;Literary;Fenn| George Manville
The Gold Brick;pg34500.epub;Literary;Stephens| Ann S.
Paradise Bend;pg34567.epub;Western Stories;White| William Patterson
The Triumph of Virginia Dale;pg34575.epub;Literary;Francis| John
Mrs. Halliburton's Troubles;pg34587.epub;Literary;Trevena| John
Through Night to Light: A Novel;pg34598.epub;Literary;Spielhagen| Friedrich
What the Swallow Sang: A Novel;pg34599.epub;Literary;Spielhagen| Friedrich
King of the Castle;pg34609.epub;Literary;Fenn| George Manville
Barren Honour: A Novel;pg34616.epub;Literary;Lawrence| George A.
The Gateless Barrier;pg34619.epub;Ghost and Horror;Malet| Lucas
I- Thou- and the Other One: A Love Story;pg34628.epub;Love and Romance;Barr| Amelia E.
The Mysterious Wanderer; Vol. II;pg34629.epub;Literary;Reeve| Sophia
The Breaking of the Storm- Vol. I.;pg34657.epub;Literary;Spielhagen| Friedrich
The Breaking of the Storm- Vol. II.;pg34658.epub;Literary;Spielhagen| Friedrich
The Breaking of the Storm- Vol. III.;pg34659.epub;Literary;Spielhagen| Friedrich
Willing to Die: A Novel;pg34662.epub;Literary;Fanu| Joseph Sheridan Le
Commodore Junk;pg34663.epub;Literary;Fenn| George Manville
The Mynns' Mystery;pg34664.epub;Detective and Mystery;Fenn| George Manville
The Man with the Double Heart;pg34709.epub;Literary;Hine| Muriel
One of My Sons;pg34710.epub;Detective and Mystery;Green| Anna Katharine
The Ivory Gate- a new edition;pg34738.epub;Literary;Besant| Walter
Problematic Characters: A Novel;pg34748.epub;Literary;Spielhagen| Friedrich
Englefield Grange- Mary Armstrong's Troubles;pg34794.epub;Literary;Paull| Mrs. H. B.
The Pagan's Cup;pg34835.epub;Detective and Mystery;Abbott| Eleanor Hallowell
The Rival Crusoes- The Ship Wreck - Also A Voyage to Norway; and The Fisherman's Cottage.;pg34849.epub;Literary;Strickland| Agnes
Mystery and Confidence: A Tale. Vol. 1;pg34932.epub;Literary;Pinchard| Elizabeth Sibthorpe
Mystery and Confidence: A Tale. Vol. 3;pg34933.epub;Literary;Pinchard| Elizabeth Sibthorpe
£19-000;pg34934.epub;Detective and Mystery;Delannoy| Burford
The House of Strange Secrets: A Detective Story;pg34947.epub;Detective and Mystery;Bayly| A. Eric
Mystery and Confidence: A Tale. Vol. 2;pg34968.epub;Literary;Pinchard| Elizabeth Sibthorpe
The Count of Nideck - adapted from the French of Erckmann-Chartrian;pg34999.epub;Literary;Erckmann-Chatrian| | Fiske| Ralph Browning
The House in the Mist;pg35003.epub;Detective and Mystery;Green| Anna Katharine
The Carleton Case;pg35038.epub;Literary;Clark| Ellery H.
Dilemmas of Pride- (Vol 2 of 3);pg35057.epub;Literary;Loudon| Mrs.
Dilemmas of Pride- (Vol 3 of 3);pg35058.epub;Literary;Loudon| Mrs.
Girl Alone;pg35077.epub;Literary;Austin| Anne
The Mesa Trail;pg35078.epub;Western Stories;Bedford-Jones| H.
The Blind Mother- and The Last Confession;pg35140.epub;Literary;Caine| Sir Hall
The Solitary Farm;pg35146.epub;Detective and Mystery;Hume| Fergus
In the Van- The Builders;pg35203.epub;Literary;Price-Brown| John
Who?;pg35205.epub;Detective and Mystery;Kent| Elizabeth
The Guerilla Chief- and Other Tales;pg35214.epub;Literary;Reid| Mayne
The Oyster;pg35217.epub;Literary;Peer|
The Streets of Ascalon - Episodes in the Unfinished Career of Richard Quarren- Esqre.;pg35233.epub;Literary;Chambers| Robert W.
In the Onyx Lobby;pg35254.epub;Detective and Mystery;Wells| Carolyn
A Wife's Duty: A Tale;pg35294.epub;Literary;Opie| Amelia
Sir Brook Fossbrooke- Volume I.;pg35296.epub;Literary;Lever| Charles James
Sir Brook Fossbrooke- Volume II.;pg35297.epub;Literary;Lever| Charles James
The Last Stroke: A Detective Story;pg35304.epub;Detective and Mystery;Lynch| Lawrence L.
A Practical Novelist;pg35313.epub;Literary;Davidson| John
The Long Lane's Turning;pg35326.epub;Literary;Rives| Hallie Erminie
The Lady Evelyn: A Story of To-day;pg35336.epub;Literary;Pemberton| Max
A Song of a Single Note: A Love Story;pg35358.epub;Love and Romance;Barr| Amelia E.
The Wicked Marquis;pg35361.epub;Detective and Mystery;Oppenheim| E. Phillips
Mad: A Story of Dust and Ashes;pg35367.epub;Literary;Fenn| George Manville
Friends I Have Made;pg35368.epub;Literary;Fenn| George Manville
Mrs. Geoffrey;pg35384.epub;Literary;Duchess| 
The Amethyst Box;pg35424.epub;Detective and Mystery;Green| Anna Katharine
A Charming Fellow- Volume I;pg35428.epub;Literary;Trollope| Frances Eleanor
A Charming Fellow- Volume II;pg35429.epub;Literary;Trollope| Frances Eleanor
A Charming Fellow- Volume III;pg35430.epub;Literary;Trollope| Frances Eleanor
The Dodd Family Abroad- Vol. I;pg35441.epub;Literary;Lever| Charles James
The Dodd Family Abroad- Vol. II;pg35442.epub;Literary;Lever| Charles James
Lost Lenore: The Adventures of a Rolling Stone;pg35443.epub;Sea and Adventure;Reid| Mayne
Sharing Her Crime: A Novel;pg35462.epub;Detective and Mystery;Fleming| May Agnes
The Black Eagle Mystery;pg35484.epub;Detective and Mystery;Bonner| Geraldine
The Golden Road;pg35509.epub;Literary;Allen| Frank Waller
The Three Impostors- The Transmutations;pg35517.epub;Ghost and Horror;Machen| Arthur
Only One Love- Who Was the Heir;pg35523.epub;Literary;Garvice| Charles
The Haute Noblesse: A Novel;pg35527.epub;Literary;Fenn| George Manville
The Secret of the Sands- The "Water Lily" and her Crew;pg35528.epub;Sea and Adventure;Collingwood| Harry
The Haunted Room: A Tale;pg35533.epub;Literary;E.| A. L. O.
Doctor Cupid: A Novel;pg35548.epub;Literary;Broughton| Rhoda
The Funny Philosophers- or Wags and Sweethearts.  A Novel;pg35599.epub;Literary;Yellott| George
Mysterious Mr. Sabin;pg35661.epub;Detective and Mystery;Oppenheim| E. Phillips
Titan: A Romance. v. 1 (of 2);pg35664.epub;Literary;Paul| Jean
The Late Tenant;pg35691.epub;Literary;Tracy| Louis
The Game and the Candle;pg35740.epub;Literary;Ingram| Eleanor M.
Lily Pearl and The Mistress of Rosedale;pg35765.epub;Literary;Glenwood| Ida
Dilemmas of Pride- (Vol 1 of 3);pg35769.epub;Literary;Loudon| Mrs
The Hills of Refuge: A Novel;pg35785.epub;Literary;Harben| Will N.
Plain Mary Smith: A Romance of Red Saunders;pg35787.epub;Humorous and Wit and Satire;Phillips| Henry Wallace
The Black Star: A Detective Story;pg35833.epub;Detective and Mystery;McCulley| Johnston
Final Proof- The Value of Evidence;pg35902.epub;Detective and Mystery;Ottolengui| Rodrigues
The Finger of Fate: A Romance;pg35912.epub;Literary;Reid| Mayne
The Child Wife;pg35913.epub;Literary;Reid| Mayne
Silent Struggles;pg36027.epub;Literary;Stephens| Ann S.
A Speckled Bird;pg36029.epub;Literary;Evans| Augusta J.
Hesperus- Forty-Five Dog-Post-Days: A Biography. Vol. I.;pg36071.epub;Literary;Paul| Jean
Hesperus- Forty-Five Dog-Post-Days: A Biography. Vol. II.;pg36087.epub;Literary;Paul| Jean
The Letter of Credit;pg36159.epub;Love and Romance;Warner| Susan
Bijou;pg36199.epub;Literary;Gyp| 
The Shooting of Dan McGrew- A Novel. Based on the Famous Poem of Robert Service;pg36232.epub;Literary;Dana| Marvin| Service| Robert W.
The Red Mouse: A Mystery Romance;pg36247.epub;Detective and Mystery;Osborne| William Hamilton
The Invisible Lodge;pg36353.epub;Literary;Paul| Jean
Faithful Margaret: A Novel;pg36360.epub;Literary;Simpson| Mrs. J. M.
Zoe- Some Day: A Novel;pg36364.epub;Literary;Leonard| May
Dangerous Ground- The Rival Detectives;pg36366.epub;Detective and Mystery;Lynch| Lawrence L.
Wives and Widows- The Broken Life;pg36374.epub;Literary;Stephens| Ann S.
The Turn of the Tide: The Story of How Margaret Solved Her Problem;pg36401.epub;Literary;Porter| Eleanor H.
Titan: A Romance. v. 2 (of 2);pg36403.epub;Literary;Paul| Jean
Jessamine: A Novel;pg36414.epub;Literary;Harland| Marion
The Story of an Untold Love;pg36439.epub;Literary;Ford| Paul Leicester
A Butterfly on the Wheel: A Novel;pg36467.epub;Literary;Hemmerde| Edward G.| Neilson| Francis| Thorne| Guy
The Red Derelict;pg36588.epub;Sea and Adventure;Mitford| Bertram
Fordham's Feud;pg36593.epub;Literary;Mitford| Bertram
The Haunted Homestead: A Novel;pg36713.epub;Literary;Southworth| Emma Dorothy Eliza Nevitte
One Maid's Mischief;pg36723.epub;Literary;Fenn| George Manville
Cynthia Wakeham's Money;pg36758.epub;Detective and Mystery;Green| Anna Katharine
Midnight Webs;pg36875.epub;Literary;Fenn| George Manville
In Strange Company: A Story of Chili and the Southern Seas;pg37081.epub;Sea and Adventure;Boothby| Guy
A Life For a Love: A Novel;pg37107.epub;Literary;Meade| L. T.
The Ranchman;pg37204.epub;Western Stories;Seltzer| Charles Alden
The Wayfarers;pg37208.epub;Literary;Cutting| Mary Stewart
The Crime Doctor;pg37338.epub;Detective and Mystery;Hornung| E. W.
Pray You- Sir- Whose Daughter?;pg37355.epub;Literary;Gardener| Helen H.
The Empty Sack;pg37412.epub;Literary;King| Basil
The Sin of Monsieur Pettipon- and other humorous tales;pg37430.epub;Humorous and Wit and Satire;Connell| Richard Edward
Rough-Hewn;pg37451.epub;Literary;Fisher| Dorothy Canfield
Daisy Thornton;pg37467.epub;Literary;Holmes| Mary Jane
Jessie Graham;pg37476.epub;Literary;Holmes| Mary Jane
The Debit Account;pg37479.epub;Literary;Onions| Oliver
The Gray Phantom's Return;pg37490.epub;Detective and Mystery;Landon| Herman
The Sins of the Children: A Novel;pg37664.epub;Literary;Hamilton| Cosmo
Mavis of Green Hill;pg37710.epub;Love and Romance;Baldwin| Faith
Notwithstanding;pg37781.epub;Literary;Cholmondeley| Mary
The Open Question: A Tale of Two Temperaments;pg37827.epub;Literary;Robins| Elizabeth
The Story of Louie;pg37838.epub;Literary;Onions| Oliver
A Humble Enterprise;pg37866.epub;Literary;Cambridge| Ada
The Gray Phantom;pg37913.epub;Detective and Mystery;Landon| Herman
In Accordance with the Evidence;pg37919.epub;Literary;Onions| Oliver
The Heatherford Fortune - a sequel to the Magic Cameo;pg38006.epub;Literary;Sheldon| Mrs. Georgie
The Sailor;pg38186.epub;Literary;Snaith| J. C.
Kenneth McAlpine: A Tale of Mountain- Moorland and Sea;pg38199.epub;Literary;Stables| Gordon
The Making of William Edwards- The Story of the Bridge of Beauty;pg38212.epub;Literary;Banks| Mrs. G. Linnaeus
Simon the Jester;pg3828.epub;Humorous and Wit and Satire;Locke| William John
A Witch of the Hills- v. 1 [of 2];pg38291.epub;Literary;Warden| Florence
A Witch of the Hills- v. 2 [of 2];pg38292.epub;Literary;Warden| Florence
The Happy Warrior;pg38325.epub;Literary;Hutchinson| A. S. M.
A Knight on Wheels;pg38368.epub;Literary;Hay| Ian
Loaded Dice;pg38474.epub;Literary;Clark| Ellery H.
Gargoyles;pg38489.epub;Literary;Hecht| Ben
The Story of Charles Strange: A Novel. Vol. 1 (of 3);pg38623.epub;Literary;Wood| Mrs. Henry
The Story of Charles Strange: A Novel. Vol. 2 (of 3);pg38624.epub;Literary;Wood| Mrs. Henry
The Story of Charles Strange: A Novel. Vol. 3 (of 3);pg38625.epub;Literary;Wood| Mrs. Henry
Miranda of the Balcony: A Story;pg38679.epub;Literary;Mason| A. E. W.
The Truants;pg38685.epub;Literary;Mason| A. E. W.
The Turnstile;pg38689.epub;Literary;Mason| A. E. W.
The Maker of Opportunities;pg38702.epub;Literary;Gibbs| George
A Singular Metamorphosis;pg38715.epub;Literary;Skiles| May Evelyn
The Monctons: A Novel. Volume 2 (of 2);pg38798.epub;Literary;Moodie| Susanna
Out of a Labyrinth;pg38888.epub;Detective and Mystery;Lynch| Lawrence L.
Mr. Marx's Secret;pg39018.epub;Detective and Mystery;Oppenheim| E. Phillips
The White Blackbird;pg39066.epub;Literary;Aitken| Robert
Miser Farebrother: A Novel (vol. 1 of 3);pg39111.epub;Literary;Farjeon| B. L.
It May Be True- Vol. 2 (of 3);pg39192.epub;Literary;Wood| Mrs. Henry
It May Be True- Vol. 3 (of 3);pg39193.epub;Literary;Wood| Mrs. Henry
Tales for Fifteen;pg39207.epub;Literary;Cooper| James Fenimore
Mitchelhurst Place: A Novel. Vol. 1 (of 2);pg39345.epub;Literary;Veley| Margaret
Wyndham's Pal;pg39349.epub;Literary;Bindloss| Harold
Mabel: A Novel. Vol. 3 (of 3);pg39359.epub;Literary;Newby| Mrs. C. J.
Mildred Arkell: A Novel. Vol. 2 (of 3);pg39377.epub;Literary;Wood| Mrs. Henry
A Gamble with Life;pg39417.epub;Detective and Mystery;Hocking| Silas K.
The Mysterious Wanderer- Vol. III - A Novel in Three Volumes;pg39425.epub;Literary;Reeve| Sophia
Guy and Pauline;pg39556.epub;Literary;MacKenzie| Compton
In the Hands of the Malays- and Other Stories;pg39616.epub;Sea and Adventure;Henty| G. A.
Sylvia & Michael: The later adventures of Sylvia Scarlett;pg39660.epub;Literary;MacKenzie| Compton
Mildred Arkell: A Novel. Vol. 1 (of 3);pg39692.epub;Literary;Wood| Mrs. Henry
Mildred Arkell: A Novel. Vol. 3 (of 3);pg39693.epub;Literary;Wood| Mrs. Henry
The Marriage of Esther;pg39731.epub;Literary;Boothby| Guy
Vassall Morton: A Novel;pg39768.epub;Literary;Parkman| Francis
A Sovereign Remedy;pg39813.epub;Literary;Steel| Flora Annie Webster
Upsidonia;pg39905.epub;Humorous and Wit and Satire;Marshall| Archibald
Ashton-Kirk- Secret Agent;pg39940.epub;Detective and Mystery;McIntyre| John Thomas
In Silk Attire: A Novel;pg40111.epub;Literary;Black| William
Fashion and Famine;pg40114.epub;Literary;Stephens| Ann S.
A Woman's Love;pg40180.epub;Literary;Opie| Amelia
Mabel: A Novel. Vol. 2 (of 3);pg40199.epub;Literary;Newby| Mrs. C. J.
The Threatening Eye;pg40278.epub;Literary;Knight| E. F.
True to a Type- Vol. 1 (of 2);pg40324.epub;Literary;Cleland| Robert
True to a Type- Vol. 2 (of 2);pg40325.epub;Literary;Cleland| Robert
The Coward Behind the Curtain;pg40347.epub;Literary;Marsh| Richard
The Crime and the Criminal;pg40348.epub;Detective and Mystery;Marsh| Richard
It May Be True- Vol. 1 (of 3);pg40418.epub;Literary;Wood| Mrs. Henry
Miss Hildreth: A Novel- Volume 1;pg40431.epub;Literary;Stevens| Augusta de Grasse
Miss Hildreth: A Novel- Volume 2;pg40432.epub;Literary;Stevens| Augusta de Grasse
Miss Hildreth: A Novel- Volume 3;pg40433.epub;Literary;Stevens| Augusta de Grasse
Violet Forster's Lover;pg40450.epub;Literary;Marsh| Richard
Under One Flag;pg40451.epub;Literary;Marsh| Richard
The Twickenham Peerage;pg40452.epub;Literary;Marsh| Richard
The Garden of Survival;pg4046.epub;Ghost and Horror;Blackwood| Algernon
Black Star's Campaign: A Detective Story;pg40484.epub;Detective and Mystery;McCulley| Johnston
The Red Lottery Ticket;pg40491.epub;Detective and Mystery;Boisgobey| Fortunu
The King of Diamonds: A Tale of Mystery and Adventure;pg40493.epub;Detective and Mystery;Tracy| Louis
The Ordeal of Elizabeth;pg40495.epub;Literary;Anonymous
The Splendid Fairing;pg40545.epub;Literary;Holme| Constance
Moth and Rust; Together with Geoffrey's Wife and The Pitfall;pg40566.epub;Literary;Cholmondeley| Mary
Prince Charlie;pg40611.epub;Literary;Delannoy| Burford
The Hypocrite;pg40651.epub;Literary;Thorne| Guy
The White Virgin;pg40672.epub;Literary;Fenn| George Manville
The Tiger Lily;pg40673.epub;Literary;Fenn| George Manville
Sawn Off: A Tale of a Family Tree;pg40674.epub;Literary;Fenn| George Manville
Gretchen: A Novel;pg40702.epub;Literary;Holmes| Mary Jane
Fighting Byng: A Novel of Mystery- Intrigue and Adventure;pg40821.epub;Detective and Mystery;Stone| A.
The Adventures of Peregrine Pickle;pg4084.epub;Literary;Smollett| T.
Meg- of Valencia;pg40926.epub;Literary;Jarrell| Myra Williams
The Day of Temptation;pg40998.epub;Literary;Queux| William Le
Stolen Souls;pg40999.epub;Literary;Queux| William Le
The Sign of the Stranger;pg41089.epub;Detective and Mystery;Queux| William Le
Rayton: A Backwoods Mystery;pg41122.epub;Literary;Roberts| Theodore Goodridge
Jenifer's Prayer;pg41191.epub;Literary;Crane| Oliver
The Eve of All-Hallows- Adelaide of Tyrconnel- v. 1 of 3;pg41212.epub;Literary;Hartstonge| Matthew Weld
Ten Thousand a-Year. Volume 3.;pg41247.epub;Literary;Warren| Samuel
The Arm-Chair at the Inn;pg41284.epub;Literary;Smith| Francis Hopkinson
My Danish Sweetheart: A Novel. Volume 1 of 3;pg41313.epub;Sea and Adventure;Russell| William Clark
My Danish Sweetheart: A Novel. Volume 2 of 3;pg41314.epub;Sea and Adventure;Russell| William Clark
My Danish Sweetheart: A Novel. Volume 3 of 3;pg41315.epub;Sea and Adventure;Russell| William Clark
Mrs. Dorriman: A Novel. Volume 1 of 3;pg41329.epub;Literary;Chetwynd| Mrs. Henry Wayland
Mrs. Dorriman: A Novel. Volume 2 of 3;pg41330.epub;Literary;Chetwynd| Mrs. Henry Wayland
Mrs. Dorriman: A Novel. Volume 3 of 3;pg41331.epub;Literary;Chetwynd| Mrs. Henry Wayland
Ten Thousand a-Year. Volume 2.;pg41332.epub;Literary;Warren| Samuel
Mount Royal: A Novel. Volume 1 of 3;pg41339.epub;Literary;Braddon| M. E.
Mount Royal: A Novel. Volume 2 of 3;pg41340.epub;Literary;Braddon| M. E.
Mount Royal: A Novel. Volume 3 of 3;pg41341.epub;Literary;Braddon| M. E.
Mohawks: A Novel. Volume 1 of 3;pg41374.epub;Literary;Braddon| M. E.
Mohawks: A Novel. Volume 2 of 3;pg41375.epub;Literary;Braddon| M. E.
Mohawks: A Novel. Volume 3 of 3;pg41376.epub;Literary;Braddon| M. E.
The Broken Thread;pg41459.epub;Detective and Mystery;Queux| William Le
The Yazoo Mystery: A Novel;pg41483.epub;Literary;Craddock| Irving
The Decadent: Being the Gospel of Inaction - Wherein Are Set Forth in Romance Form Certain Reflections Touching the Curious Characteristics of These Ultimate Years- and the Divers Causes Thereof;pg41490.epub;Literary;Cram| Ralph Adams
The House Opposite: A Mystery;pg41525.epub;Detective and Mystery;Kent| Elizabeth
Rose Clark;pg41542.epub;Literary;Fern| Fanny
Mabel: A Novel. Vol. 1 (of 3);pg41564.epub;Literary;Newby| Mrs. C. J.
A Fortnight of Folly;pg41660.epub;Literary;Conway| Hugh| Thompson| Maurice
A Changed Heart: A Novel;pg41672.epub;Literary;Fleming| May Agnes
Albrecht;pg41764.epub;Literary;Bates| Arlo
Quintus Oakes: A Detective Story;pg41790.epub;Detective and Mystery;Jackson| Charles Ross
The Last Miracle;pg41794.epub;Literary;Shiel| M. P.
John Marvel- Assistant;pg41817.epub;Literary;Page| Thomas Nelson
The Golden Bough;pg41844.epub;Literary;Gibbs| George
The Terms of Surrender;pg41859.epub;Literary;Tracy| Louis
Ragna;pg41863.epub;Literary;Costantini| Anna Miller
A Fair Mystery: The Story of a Coquette;pg41932.epub;Literary;Brame| Charlotte M.
The Debatable Land: A Novel;pg41963.epub;Literary;Colton| Arthur
The Barrel Mystery;pg42010.epub;Detective and Mystery;Flynn| William J.
The Eve of All-Hallows- Adelaide of Tyrconnel- v. 2 of 3;pg42095.epub;Literary;Hartstonge| Matthew Weld
The Trail-Hunter: A Tale of the Far West;pg42115.epub;Western Stories;Aimard| Gustave
The Pirates of the Prairies: Adventures in the American Desert;pg42117.epub;Western Stories;Aimard| Gustave
The World Before Them: A Novel. Volume 2 (of 3);pg42145.epub;Literary;Moodie| Susanna
The World Before Them: A Novel. Volume 1 (of 3);pg42165.epub;Literary;Moodie| Susanna
The World Before Them: A Novel. Volume 3 (of 3);pg42174.epub;Literary;Moodie| Susanna
The Shadow of a Sin;pg42320.epub;Literary;Brame| Charlotte M.
Justin Wingate- Ranchman;pg42423.epub;Western Stories;Whitson| John Harvey
Barbara Rebell;pg42462.epub;Literary;Lowndes| Marie Belloc
Lady Eureka- The Mystery: A Prophecy of the Future. Volume 1;pg42491.epub;Literary;Williams| Robert Folkestone
Lady Eureka- The Mystery: A Prophecy of the Future. Volume 2;pg42492.epub;Literary;Williams| Robert Folkestone
Lady Eureka- The Mystery: A Prophecy of the Future. Volume 3;pg42493.epub;Literary;Williams| Robert Folkestone
Miracle Gold: A Novel (Vol. 2 of 3);pg42496.epub;Literary;Dowling| Richard
Miracle Gold: A Novel (Vol. 1 of 3);pg42498.epub;Literary;Dowling| Richard
Miracle Gold: A Novel (Vol. 3 of 3);pg42499.epub;Literary;Dowling| Richard
Blackthorn Farm;pg42519.epub;Literary;Applin| Arthur
Narcissus;pg42533.epub;Literary;Scott| Evelyn
The Narrow House;pg42534.epub;Literary;Scott| Evelyn
Yonder;pg42536.epub;Literary;Young| E. H.
The Deacon: An Original Comedy Drama in Five Acts;pg42581.epub;Literary;Dale| Horace C.
Tales and Fantasies;pg426.epub;Literary;Stevenson| Robert Louis
The Luminous Face;pg42714.epub;Detective and Mystery;Wells| Carolyn
Tempest-Driven: A Romance (Vol. 1 of 3);pg42750.epub;Literary;Dowling| Richard
Tempest-Driven: A Romance (Vol. 2 of 3);pg42751.epub;Literary;Dowling| Richard
Tempest-Driven: A Romance (Vol. 3 of 3);pg42752.epub;Literary;Dowling| Richard
Swords Reluctant;pg42763.epub;Literary;Pemberton| Max
It Pays to Smile;pg42772.epub;Literary;Putnam| Nina Wilcox
The Mystery of the Clasped Hands: A Novel;pg42807.epub;Detective and Mystery;Boothby| Guy
Great Porter Square: A Mystery. v. 1;pg42905.epub;Detective and Mystery;Farjeon| B. L.
Great Porter Square: A Mystery. v. 2;pg42906.epub;Detective and Mystery;Farjeon| B. L.
Great Porter Square: A Mystery. v. 3;pg42907.epub;Detective and Mystery;Farjeon| B. L.
The Last of Their Race;pg42926.epub;Literary;Swan| Annie S.
Guy Kenmore's Wife- and The Rose and the Lily;pg43037.epub;Literary;Miller| Mrs. Alex. McVeigh
Devota;pg43080.epub;Literary;Evans| Augusta J.
Hugh Crichton's Romance;pg43162.epub;Literary;Coleridge| Christabel R.
Blade-O'-Grass. Golden Grain. and Bread and Cheese and Kisses.;pg43190.epub;Christmas Stories;Farjeon| B. L.
Mrs. Severn: A Novel- Vol. 1 (of 3);pg43449.epub;Literary;Carter| Mary Elizabeth
The Gypsy Queen's Vow;pg43489.epub;Literary;Fleming| May Agnes
Flora Adair- Love Works Wonders. Vol. 1 (of 2);pg43498.epub;Literary;Donelan| A. M.
Flora Adair- Love Works Wonders. Vol. 2 (of 2);pg43499.epub;Literary;Donelan| A. M.
The Adventurers;pg43716.epub;Sea and Adventure;Aimard| Gustave
Munster Village;pg43743.epub;Literary;Hamilton| Lady Mary
The Prairie Flower: A Tale of the Indian Border;pg43925.epub;Western Stories;Aimard| Gustave
First Love: A Novel. Vol. 1 of 3;pg44018.epub;Literary;Loudon| Mrs.
The Eve of All-Hallows- Adelaide of Tyrconnel- v. 3 of 3;pg44264.epub;Literary;Hartstonge| Matthew Weld
Wanted: A Husband. A Novel;pg44326.epub;Literary;Adams| Samuel Hopkins
The Bee Hunters: A Tale of Adventure;pg44375.epub;Sea and Adventure;Aimard| Gustave
The Rebel Chief: A Tale of Guerilla Life;pg44421.epub;Literary;Aimard| Gustave
The Smuggler Chief: A Novel;pg44454.epub;Sea and Adventure;Aimard| Gustave
The Stoneground Ghost Tales - Compiled from the recollections of the reverend Roland Batchel- the vicar of the parish.;pg44581.epub;Ghost and Horror;Swain| E. G.
Held to Answer: A Novel;pg44633.epub;Literary;MacFarlane| Peter Clark
The Prodigal Village: A Christmas Tale;pg44796.epub;Christmas Stories;Bacheller| Irving
Little Golden's Daughter- The Dream of a Life Time;pg44803.epub;Literary;Miller| Mrs. Alex. McVeigh
Kathleen's Diamonds- She Loved a Handsome Actor;pg44819.epub;Literary;Miller| Mrs. Alex. McVeigh
Wild Margaret;pg44828.epub;Literary;Garvice| Charles
The Mark of Cain;pg44841.epub;Detective and Mystery;Wells| Carolyn
The Man Who Fell Through the Earth;pg44872.epub;Detective and Mystery;Wells| Carolyn
A Man's World;pg44878.epub;Literary;Edwards| Albert
The Mystery Girl;pg44984.epub;Detective and Mystery;Wells| Carolyn
A Mock Idyl;pg45042.epub;Literary;Ross| Percy
The Red River Half-Breed: A Tale of the Wild North-West;pg45047.epub;Western Stories;Aimard| Gustave
Farewell;pg45104.epub;Literary;Stacpoole| William Henry
The Guide of the Desert;pg45401.epub;Western Stories;Aimard| Gustave
The Insurgent Chief;pg45402.epub;Literary;Aimard| Gustave
The Flying Horseman;pg45403.epub;Literary;Aimard| Gustave
Deadwood Dick Jr. Branded- Red Rover at Powder Pocket.;pg45618.epub;Western Stories;Wheeler| Edward L.
The Curved Blades;pg45622.epub;Detective and Mystery;Wells| Carolyn
Stolen Idols;pg45636.epub;Detective and Mystery;Oppenheim| E. Phillips
The House on the Moor- v. 1-3;pg45816.epub;Literary;Oliphant| Mrs.
The House on the Moor- v. 2-3;pg45817.epub;Literary;Oliphant| Mrs.
The House on the Moor- v. 3-3;pg45818.epub;Literary;Oliphant| Mrs.
Pretty Geraldine- the New York Salesgirl- Wedded to Her Choice;pg45872.epub;Literary;Miller| Mrs. Alex. McVeigh
The Vanishing of Betty Varian;pg45912.epub;Detective and Mystery;Wells| Carolyn
The Room with the Tassels;pg46008.epub;Detective and Mystery;Wells| Carolyn
The Deep Lake Mystery;pg46064.epub;Detective and Mystery;Wells| Carolyn
The Romantic Lady;pg46217.epub;Literary;Arlen| Michael
The Good Time Coming;pg4632.epub;Literary;Arthur| T. S.
Uncle William: The Man Who Was Shif'less;pg4634.epub;Literary;Lee| Jennette
Harry Blount- the Detective- The Martin Mystery Solved;pg46402.epub;Detective and Mystery;Flanagan| T. J.
White Wolf's Law: A Western Story;pg46457.epub;Western Stories;Dunning| Hal
Alone;pg46505.epub;Literary;Harland| Marion
God's Good Man: A Simple Love Story;pg4653.epub;Love and Romance;Corelli| Marie
The Crime Club;pg46566.epub;Detective and Mystery;Holt-White| W.
At War with Society- Tales of the Outcasts;pg46623.epub;Detective and Mystery;M'Levy| James
Outpost;pg4676.epub;Literary;Austin| Jane G.
The Idol of the Blind: A Novel;pg47211.epub;Literary;Gallon| Tom
A Country Sweetheart;pg47282.epub;Literary;Russell| Dora
When Egypt Went Broke: A Novel;pg4733.epub;Literary;Day| Holman
Kate Vernon: A Tale. Vol. 1 (of 3);pg47338.epub;Literary;Alexander| Mrs.
At the Villa Rose;pg4745.epub;Detective and Mystery;Mason| A. E. W.
The Fiction Factory - Being the experience of a writer who- for twenty-two years- has kept a story-mill grinding successfully;pg47455.epub;Literary;Cook| William Wallace
Odette's Marriage - A Novel- from the French of Albert Delpit- Translated from the "Revue des Deux Mondes||" by Emily Prescott;pg47697.epub;Literary;Delpit| Albert
Sekhet;pg47744.epub;Literary;Miller| Irene
Mirk Abbey- Volume 1 (of 3);pg47771.epub;Literary;Payn| James
Mirk Abbey- Volume 2 (of 3);pg47772.epub;Literary;Payn| James
Mirk Abbey- Volume 3 (of 3);pg47773.epub;Literary;Payn| James
Half a Rogue;pg4790.epub;Literary;MacGrath| Harold
Dawn;pg4794.epub;Literary;Adams| Mrs. H. A.
The Circassian Slave- the Sultan's favorite : a story of Constantinople and the Caucasus;pg4795.epub;Literary;Ballou| Maturin Murray
A Life for a Life- Volume 1 (of 3);pg47997.epub;Literary;Craik| Dinah Maria Mulock
A Soldier's Daughter- and Other Stories;pg48297.epub;Sea and Adventure;Henty| G. A.
A Life for a Life- Volume 2 (of 3);pg48482.epub;Literary;Craik| Dinah Maria Mulock
A Life for a Life- Volume 3 (of 3);pg48483.epub;Literary;Craik| Dinah Maria Mulock
Tinman;pg48989.epub;Literary;Gallon| Tom
Hilda Wade- a Woman with Tenacity of Purpose;pg4903.epub;Literary;Allen| Grant
The Lilac Sunbonnet: A Love Story;pg4918.epub;Love and Romance;Crockett| S. R.
King Midas: a Romance;pg4923.epub;Literary;Sinclair| Upton
The Fashionable Adventures of Joshua Craig: A Novel;pg4929.epub;Sea and Adventure;Phillips| David Graham
The Spider and the Fly- An Undesired Love;pg49537.epub;Literary;Garvice| Charles
Leah Mordecai: A Novel;pg4955.epub;Literary;Abbott| Belle K.
Chetwynd Calverley - New Edition- 1877;pg49680.epub;Literary;Ainsworth| William Harrison
The Desultory Man - Collection of Ancient and Modern British Novels and Romances. Vol. CXLVII.;pg49718.epub;Literary;James| G. P. R.
The Forgery- Best Intentions.;pg50042.epub;Literary;James| G. P. R.
Desert Gold;pg502.epub;Western Stories;Grey| Zane
The Mystery of the Sycamore;pg50209.epub;Detective and Mystery;Wells| Carolyn
Leslie's Loyalty;pg50440.epub;Literary;Garvice| Charles
De L'Orme. - The Works of G. P. R. James- Esq.|| Vol. XVI.;pg50688.epub;Literary;James| G. P. R.
The Romance of Elaine - Sequel to "Exploits of Elaine";pg5094.epub;Detective and Mystery;Reeve| Arthur B.
Morley Ernstein- the Tenants of the Heart;pg51251.epub;Literary;James| G. P. R.
The Fate: A Tale of Stirring Times;pg51455.epub;Literary;James| G. P. R.
Margret Howth: A Story of To-day;pg515.epub;Literary;Davis| Rebecca Harding
The Exploits of Elaine;pg5151.epub;Detective and Mystery;Reeve| Arthur B.
Delaware- The Ruined Family. Vol. 1;pg51628.epub;Literary;James| G. P. R.
Delaware- The Ruined Family. Vol. 2;pg51629.epub;Literary;James| G. P. R.
Delaware- The Ruined Family. Vol. 3;pg51630.epub;Literary;James| G. P. R.
Innocent : her fancy and his fact;pg5165.epub;Love and Romance;Corelli| Marie
A Whim- and Its Consequences - Collection of British Authors Vol. CXIV;pg51715.epub;Literary;James| G. P. R.
Corpus of a Siam Mosquito;pg5176.epub;Literary;Sills| Steven
A Siren;pg5179.epub;Detective and Mystery;Trollope| Thomas Adolphus
Daireen. Volume 1 of 2;pg51936.epub;Literary;Moore| Frank Frankfort
Daireen. Volume 2 of 2;pg51937.epub;Literary;Moore| Frank Frankfort
Daireen. Complete;pg51938.epub;Literary;Moore| Frank Frankfort
Priscilla and Charybdis: A Story of Alternatives;pg51972.epub;Literary;Moore| Frank Frankfort
Well- After All;pg51988.epub;Literary;Moore| Frank Frankfort
The Confessions of Harry Lorrequer — Volume 1;pg5234.epub;Literary;Lever| Charles James
The Confessions of Harry Lorrequer — Volume 2;pg5235.epub;Literary;Lever| Charles James
The Confessions of Harry Lorrequer — Volume 3;pg5236.epub;Literary;Lever| Charles James
The Confessions of Harry Lorrequer — Volume 4;pg5237.epub;Literary;Lever| Charles James
The Confessions of Harry Lorrequer — Volume 5;pg5238.epub;Literary;Lever| Charles James
The Confessions of Harry Lorrequer — Volume 6;pg5239.epub;Literary;Lever| Charles James
The Confessions of Harry Lorrequer — Complete;pg5240.epub;Literary;Lever| Charles James
Youth- a Narrative;pg525.epub;Sea and Adventure;Conrad| Joseph
Kate Vernon: A Tale. Vol. 2 (of 3);pg53356.epub;Literary;Alexander| Mrs.
The Touch of Abner;pg53604.epub;Literary;Cody| H. A.
Kate Vernon: A Tale. Vol. 3 (of 3);pg53668.epub;Literary;Alexander| Mrs.
Baron Trigault's Vengeance;pg547.epub;Detective and Mystery;Gaboriau| Emile
At Last: A Novel;pg5622.epub;Literary;Harland| Marion
The Potato Child & Others;pg5662.epub;Christmas Stories;Woodbury| Lucia Prudence Hall
The Prose of Alfred Lichtenstein;pg5663.epub;Literary;Lichtenstein| Alfred
The Queen of Sheba- and My Cousin the Colonel;pg5705.epub;Literary;Aldrich| Thomas Bailey
The Flyers;pg5848.epub;Literary;McCutcheon| George Barr
Michael's Crag;pg5869.epub;Literary;Allen| Grant
Danny's Own Story;pg587.epub;Humorous and Wit and Satire;Marquis| Don
Celibates;pg6005.epub;Literary;Moore| George Augustus
Opening a Chestnut Burr;pg6028.epub;Literary;Roe| Edward Payson
Fran;pg6057.epub;Literary;Ellis| J. Breckenridge
Philistia;pg6060.epub;Literary;Allen| Grant
From Jest to Earnest;pg6102.epub;Literary;Roe| Edward Payson
Their Yesterdays;pg6105.epub;Love and Romance;Wright| Harold Bell
A Day of Fate;pg6113.epub;Love and Romance;Roe| Edward Payson
No Defense- Volume 1.;pg6292.epub;Literary;Parker| Gilbert
No Defense- Volume 2.;pg6293.epub;Literary;Parker| Gilbert
No Defense- Volume 3.;pg6294.epub;Literary;Parker| Gilbert
No Defense- Complete;pg6295.epub;Literary;Parker| Gilbert
Carnac's Folly- Volume 1.;pg6296.epub;Literary;Parker| Gilbert
Carnac's Folly- Volume 2.;pg6297.epub;Literary;Parker| Gilbert
Carnac's Folly- Volume 3.;pg6298.epub;Literary;Parker| Gilbert
Carnac's Folly- Complete;pg6299.epub;Literary;Parker| Gilbert
A Knight of the Nineteenth Century;pg6311.epub;Literary;Roe| Edward Payson
Self-Raised- From the Depths;pg6376.epub;Literary;Southworth| Emma Dorothy Eliza Nevitte
Once Aboard the Lugger-- The History of George and his Mary;pg6410.epub;Humorous and Wit and Satire;Hutchinson| A. S. M.
The Iron Woman;pg6474.epub;Literary;Deland| Margaret Wade Campbell
The Grey Lady;pg6517.epub;Literary;Merriman| Henry Seton
Any Coincidence Is - The Day Julia & Cecil the Cat Faced a Fate Worse Than Death;pg6526.epub;Literary;Callahan| Daniel
Si'Wren of the Patriarchs;pg6592.epub;Literary;Cheney| Roland Jon
The Doctor's Daughter;pg6809.epub;Literary;Vera|
Creatures That Once Were Men;pg681.epub;Literary;Gorky| Maksim
Average Jones;pg6864.epub;Detective and Mystery;Adams| Samuel Hopkins
The Happy Adventurers;pg6901.epub;Literary;Middleton| Lydia Miller
Aikenside;pg6954.epub;Literary;Holmes| Mary Jane
A Terrible Secret: A Novel;pg7063.epub;Literary;Fleming| May Agnes
Fanshawe;pg7085.epub;Literary;Hawthorne| Nathaniel
The Dolliver Romance;pg7119.epub;Literary;Hawthorne| Nathaniel
Linda Condon;pg7171.epub;Literary;Hergesheimer| Joseph
Doctor Grimshawe's Secret — a Romance;pg7183.epub;Literary;Hawthorne| Nathaniel
A Psychological Counter-Current in Recent Fiction;pg726.epub;Literary;Howells| William Dean
The Wishing-Ring Man;pg7424.epub;Literary;Widdemer| Margaret
Falkland- Book 1.;pg7757.epub;Literary;Lytton| Baron Edward Bulwer Lytton
Falkland- Book 2.;pg7758.epub;Literary;Lytton| Baron Edward Bulwer Lytton
Falkland- Book 3.;pg7759.epub;Literary;Lytton| Baron Edward Bulwer Lytton
Falkland- Book 4.;pg7760.epub;Literary;Lytton| Baron Edward Bulwer Lytton
Falkland- Complete;pg7761.epub;Literary;Lytton| Baron Edward Bulwer Lytton
Fan : The Story of a Young Girl's Life;pg7827.epub;Literary;Hudson| W. H.
The Rise of Iskander;pg7842.epub;Literary;Disraeli| Earl of Beaconsfield Benjamin
The Vision of Desire;pg7855.epub;Literary;Pedler| Margaret
An Ambitious Man;pg7866.epub;Literary;Wilcox| Ella Wheeler
A Fool for Love;pg8073.epub;Literary;Lynde| Francis
A Fountain Sealed;pg8087.epub;Literary;Sedgwick| Anne Douglas
The Misses Mallett (The Bridge Dividing);pg8131.epub;Literary;Young| E. H.
The Ghost of Guir House;pg8182.epub;Ghost and Horror;Beale| Charles Willing
Monsieur Maurice;pg8383.epub;Literary;Edwards| Amelia Ann Blanford
Ptomaine Street: The Tale of Warble Petticoat;pg8386.epub;Literary;Wells| Carolyn
The Gentleman: A Romance of the Sea;pg8396.epub;Sea and Adventure;Ollivant| Alfred
Young People's Pride: A Novel;pg8403.epub;Literary;Ben Stephen Vincent
Rest Harrow: A Comedy of Resolution;pg8464.epub;Literary;Hewlett| Maurice
The Puritans;pg8522.epub;Literary;Bates| Arlo
The Woman with the Fan;pg8549.epub;Literary;Hichens| Robert
The Far Horizon;pg8569.epub;Literary;Malet| Lucas
The Philistines;pg8570.epub;Literary;Bates| Arlo
The Wheel O' Fortune;pg8596.epub;Literary;Tracy| Louis
The Pagans;pg8671.epub;Literary;Bates| Arlo
The Living Link: A Novel;pg8711.epub;Literary;Mille| James De
The Brass Bowl;pg8741.epub;Literary;Vance| Louis Joseph
From One Generation to Another;pg8805.epub;Literary;Merriman| Henry Seton
Miss Theodosia's Heartstrings;pg8865.epub;Literary;Donnell| Annie Hamilton
A Love Story;pg8883.epub;Literary;Christie| William Harvey
Three Weeks;pg8899.epub;Love and Romance;Glyn| Elinor
The Golden Calf;pg9052.epub;Literary;Braddon| M. E.
Eleanor;pg9087.epub;Literary;Ward| Mrs. Humphry
The Bride of Dreams;pg9111.epub;Literary;Eeden| Frederik van
Henry Dunbar: A Novel;pg9189.epub;Literary;Braddon| M. E.
Charlotte's Inheritance;pg9259.epub;Literary;Braddon| M. E.
One Day's Courtship- and The Heralds of Fame;pg9305.epub;Literary;Barr| Robert
Hetty's Strange History;pg9311.epub;Literary;Jackson| Helen Hunt
Birds of Prey;pg9362.epub;Literary;Braddon| M. E.
A Woman Intervenes;pg9379.epub;Literary;Barr| Robert
Theresa Marchmont- the Maid of Honour: A Tale;pg9387.epub;Literary;Gore| Mrs.
Helen of the Old House;pg9410.epub;Literary;Wright| Harold Bell
The Ashiel mystery: A Detective Story;pg9746.epub;Detective and Mystery;Bryce| Mrs. Charles
The Fortune Hunter;pg9747.epub;Literary;Smith| Winchell| Vance| Louis Joseph
Scarhaven Keep;pg9807.epub;Detective and Mystery;Fletcher| J. S.
The Price of Things;pg9809.epub;Literary;Glyn| Elinor
The Brown Mask;pg9849.epub;Sea and Adventure;Brebner| Percy James
The Two Guardians - Home in This World;pg9926.epub;Literary;Yonge| Charlotte M.
The Bronze Bell;pg9927.epub;Sea and Adventure;Vance| Louis Joseph
Mr. Waddington of Wyck;pg9967.epub;Literary;Sinclair| May
Captivating Mary Carstairs;pg9993.epub;Literary;Harrison| Henry Sydnor
Persuasion;pg105JaneAusPersuatn.epub;Literary;Austen| Jane
Return of Sherlock Holmes;pg108DoyleReturnSherlk.epub;Detective and Mystery;Connan| Doyle
The Secret Adversary;pg1155Agatha2.epub;Detective and Mystery;Christie| Agatha
Alice's Adventures in Wonderland;pg11CarolAlice.epub;Literary;Carroll| Lewis
Through the Looking-Glass;pg12CarolGlassLook.epub;Literary;Carroll| Lewis
Pride and Prejudice;pg1342JaneAustenPP.epub;Literary;Austen| Jane
Mardi: and A Voyage Thither I;pg13720HermanVoyage1.epub;Sea and Adventure;Melville| Herman
Mardi: and A Voyage Thither ||;pg13721HermanVoyage2.epub;Sea and Adventure;Melville| Herman
Great Expectations;pg1400DickensGreatExp.epub;Literary;Dickens| Charles
Mansfield Park;pg141JaneAusMansPark.epub;Literary;Austen| Jane
Emma;pg158JaneAustenEmma.epub;Literary;Austen| Jane
Sense and Sensibility;pg161SJaneAusSensSensi.epub;Literary;Austen| Jane
A Christmas Carol;pg19337DickensChristCarl.epub;Christmas Stories;Dickens| Charles
The Sign of Four;pg2097DoyleSignFour.epub;Detective and Mystery;Connan| Doyle
The Works of Edgar Allan Poe I;pg2147EdgarPoe1.epub;Detective and Mystery;Poe| Edgar Allan
The Works of Edgar Allan Poe II;pg2148EdgarPoe2.epub;Detective and Mystery;Poe| Edgar Allan
The Works of Edgar Allan Poe III;pg2149EdgarPoe3.epub;Detective and Mystery;Poe| Edgar Allan
The Works of Edgar Allan Poe IV;pg2150EdgarPoe4.epub;Detective and Mystery;Poe| Edgar Allan
The Confidence-Man;pg21816HermanConfidence.epub;Literary;Melville| Herman
Five Tales;pg2684Galsw4.epub;Literary;Galsworthy| John
Moby Dick;pg2701HermanMobyDick.epub;Sea and Adventure;Melville| Herman
The Hound of the Baskervilles;pg2852DoyleHound.epub;Detective and Mystery;Connan| Doyle
A Tangled Tale;pg29042CarolTangTale.epub;Literary;Carroll| Lewis
Justice;pg2911Galsw2.epub;Literary;Galsworthy| John
The Little Man;pg2919Galsw5.epub;Literary;Galsworthy| John
Pierre or The Ambiguities;pg34970HermanPierre.epub;Literary;Melville| Herman
Omoo Adventures in the South Seas;pg4045HermanOmmo.epub;Sea and Adventure;Melville| Herman
The Forsyte Saga;pg4397Galsw1.epub;Literary;Galsworthy| John
The Game of Logic;pg4763CarolLogik.epub;Literary;Carroll| Lewis
Loyalties;pg4765Galsw3.epub;Literary;Galsworthy| John
Tales of Terror and Mystery;pg537DoyleTerrorTales.epub;Detective and Mystery;Connan| Doyle
Sylvie and Bruno;pg620CarolBruno.epub;Literary;Carroll| Lewis
Oliver Twist;pg730DickensOliverTw.epub;Literary;Dickens| Charles
David Copperfield;pg766DickensDavidCopfld.epub;Literary;Dickens| Charles
Hard Times;pg786DickensHardTimes.epub;Literary;Dickens| Charles
Memoirs of Shelock Holmes;pg834DoyleMemoirsSherlk.epub;Detective and Mystery;Connan| Doyle
The Mysterious Affair at Styles;pg863Agatha1.epub;Detective and Mystery;Christie| Agatha
A Tale of Two Cities;pg98DickensTaleCities.epub;Literary;Dickens| Charles
